source_row,note,time_s,reference_vr_m_s,calculated_vr_m_s,error_vr_m_s,reference_vn_m_s,calculated_vn_m_s,error_vn_m_s,reference_height_km,calculated_height_km,error_height_km,reference_range_km,calculated_range_km,error_range_km,reference_beta_deg,calculated_beta_deg,error_beta_deg,reference_mass_kg,calculated_mass_kg,error_mass_kg
1,,0.0,0.0,0.0,0.0,1623.432,1623.4315203356111,-0.0004796643888766994,122.7403,122.74029999999999,-1.4210854715202004e-14,0.0,5.474908733728867e-35,5.474908733728867e-35,0.0,1.8053740865595295e-36,1.8053740865595295e-36,10000.0,10000.0,0.0
2,,5.311743,-3.4913,-2.9950600825694846,0.4962399174305152,1610.85,1613.1982680279657,2.348268027965787,122.7311,122.71459108729478,-0.016508912705219814,8.02,7.970871586906655,-0.049128413093344925,0.264565,0.2628428291715805,-0.001722170828419467,9958.502,9966.278899843563,7.776899843562205
3,end_of_first_powered_arc,14.23074,-9.64111,-8.024093281513219,1.6170167184867807,1589.64,1596.0155190447917,6.375519044791645,122.6728,122.67142301321984,-0.0013769867801585178,21.35,21.354836091779294,0.004836091779292673,0.704167,0.7041846645828268,1.7664582826815156e-05,9888.822,9909.657487412283,20.835487412283328
4,start_of_passive_arc_duplicate,14.23074,-9.64111,-8.024093281513219,1.6170167184867807,1589.64,1596.0155190447917,6.375519044791645,122.6728,122.67142301321984,-0.0013769867801585178,21.35,21.354836091779294,0.004836091779292673,0.704167,0.7041846645828268,1.7664582826815156e-05,9888.822,9909.657487412283,20.835487412283328
5,,20.5771,-10.0117,-10.046765270441545,-0.03506527044154595,1589.693,1589.7442414419997,0.05124144199976399,122.6104,122.62366728054162,0.013267280541626292,30.78,30.830339741432347,0.050339741432345875,1.014909,1.0166433662374332,0.0017343662374331714,9888.822,9888.902889695153,0.08088969515301869
6,,55.83867,-12.0658,-12.098120524154766,-0.03232052415476616,1590.026,1590.0754464863596,0.04944648635955673,122.2212,122.2331246454381,0.011924645438099901,83.15,83.20251645870236,0.05251645870235677,2.74186,2.7436378295346917,0.0017778295346917439,9888.822,9888.902792093295,0.08079209329480364
7,,153.8623,-17.7177,-17.743311767585137,-0.02561176758513639,1591.275,1591.3203328345435,0.045332834543387435,120.7606,120.76967370923663,0.009073709236631089,228.87,228.93037828953686,0.060378289536856755,7.547181,7.549075111407476,0.0018941114074761956,9888.822,9888.902520869247,0.08052086924726609
8,,251.3127,-23.2234,-23.243016946724165,-0.019616946724163142,1592.986,1593.0264219366534,0.040421936653274315,118.7647,118.77098131550574,0.0062813155057313,374.02,374.0761235924518,0.05612359245179732,12.3333,12.33531685695306,0.0020168569530607527,9888.822,9888.902251370084,0.0802513700837153
9,,347.3829,-28.5052,-28.520397139588116,-0.015197139588117636,1595.123,1595.1562329838941,0.033232983894095014,116.2786,116.28409800118412,0.005498001184122359,517.45,517.5110821348459,0.061082134845833025,17.06306,17.06514469250877,0.0020846925087703028,9888.822,9888.901985814373,0.07998581437277608
10,,442.0984,-33.5371,-33.548330563690605,-0.011230563690602935,1597.656,1597.6841838304076,0.02818383040767003,113.3389,113.34262573898638,0.003725738986389615,659.27,659.339122390166,0.06912239016605781,21.7398,21.74198372449175,0.002183724491750638,9888.822,9888.90172411774,0.07972411774062493
11,,535.4696,-38.2949,-38.30315925836271,-0.00825925836271324,1600.558,1600.5797281302223,0.021728130222300024,109.9837,109.98614723060942,0.0024472306094196483,799.56,799.6304702227372,0.07047022273729908,26.36589,26.368149680192165,0.0022596801921643817,9888.822,9888.901466236422,0.07946623642237682
12,,627.5006,-42.757,-42.76390091923087,-0.00690091923087266,1603.797,1603.8118390297745,0.014839029774520895,106.2522,106.25484135613632,0.00264135613632277,938.37,938.4379101337938,0.06791013379381639,30.94311,30.94538315064696,0.0022731506469604312,9888.822,9888.901212144214,0.0792121442136704
13,,718.2001,-46.9047,-46.91112767576062,-0.006427675760619422,1607.343,1607.351366786185,0.008366786184978992,102.1841,102.18671899717111,0.002618997171111914,1075.75,1075.8171100203447,0.06711002034467128,35.47325,35.475519808076456,0.002269808076455604,9888.822,9888.900961802792,0.0789618027920369
14,,807.5914,-50.7227,-50.728637901199704,-0.005937901199700946,1611.167,1611.1688226742808,0.0018226742809019925,97.81849,97.81998489394562,0.0014948939456189692,1211.77,1211.838945217779,0.06894521777894624,39.95859,39.9608967963512,0.002306796351199125,9888.822,9888.900715133495,0.07871513349527959
15,,895.715,-54.1989,-54.20532489447192,-0.006424894471919629,1615.237,1615.233194653128,-0.003805346872013615,93.19326,93.19407805035618,0.0008180503561874275,1346.52,1346.5895583627878,0.06955836278780225,44.40204,44.40435470499686,0.0023147049968628153,9888.822,9888.900472010137,0.07847201013646554
16,,982.6278,-57.3234,-57.3315385776181,-0.008138577618097997,1619.526,1619.516203447767,-0.009796552232955946,88.34464,88.3449474764134,0.00030747641339701204,1480.11,1480.177601188511,0.06760118851116204,48.80719,48.809476370422395,0.002286370422396544,9888.822,9888.90023226209,0.07823226209075074
17,,1068.402,-60.0891,-60.099996908242694,-0.010896908242692405,1624.007,1623.9907322166257,-0.01626778337436008,83.3068,83.30670812900675,-9.187099324492465e-05,1612.66,1612.7304452592025,0.0704452592024154,53.17826,53.18046192330857,0.0022019233085686096,9888.822,9888.899995677102,0.07799567710208066
18,,1153.122,-62.4902,-62.50369707957641,-0.013497079576410442,1628.654,1628.6318310671058,-0.022168932894146565,78.11196,78.11062249291327,-0.0013375070867311933,1744.33,1744.3939531405033,0.0639531405033722,57.51994,57.522121242851824,0.0021812428518259708,9888.822,9888.899762009942,0.07776200994157989
19,,1236.907,-64.5229,-64.53895981927452,-0.01605981927451694,1633.443,1633.4160455236558,-0.026954476344144496,72.7886,72.78560210613931,-0.0029978938606944894,1875.3,1875.3623072391813,0.06230723918133663,61.83869,61.84085757524848,0.002167575248478215,9888.822,9888.899530920024,0.07753092002349149
20,,1320.049,-66.1865,-66.20654656703195,-0.02004656703195451,1638.363,1638.3308740707023,-0.03212592929776292,67.35241,67.3478093386332,-0.004600661366808367,2006.03,2006.0988808800605,0.06888088006053295,66.14982,66.15195084996815,0.0021308499681396142,9888.822,9888.899301590965,0.07730159096536227
21,,1402.639,-67.4749,-67.5008067787829,-0.025906778782896822,1643.391,1643.3538425977206,-0.03715740227949027,61.83031,61.824105027854316,-0.006204972145681609,2136.7,2136.7558800689662,0.05588006896641673,70.45844,70.46042012380428,0.0019801238042873592,9888.822,9888.899073761448,0.07707376144753653
22,,1484.753,-68.3822,-68.4136105522303,-0.031410552230298094,1648.503,1648.4622500645598,-0.04074993544008976,56.24988,56.2412615032094,-0.008618496790596453,2267.41,2267.4662328097297,0.05623280972986322,74.76871,74.77064875336005,0.0019387533600507822,9888.822,9888.898847211869,0.07684721186888055
23,,1566.446,-68.903,-68.93955335791698,-0.03655335791697212,1653.675,1653.6307254549731,-0.044274545026837586,50.6396,50.62812809139133,-0.011471908608669423,2398.27,2398.322678095215,0.052678095215014764,79.0838,79.08569484576874,0.0018948457687457676,9888.822,9888.89862178128,0.07662178127975494
24,,1647.758,-69.0331,-69.07747358557519,-0.04437358557518678,1658.88,1658.8322981284298,-0.04770187157032524,45.02904,45.01429263457373,-0.014747365426273973,2529.33,2529.384606784904,0.054606784904080996,83.40577,83.40751683949762,0.0017468394976134505,9888.822,9888.898397351271,0.07639735127122549
25,,1728.702,-68.7698,-68.82116395551942,-0.0513639555194203,1664.089,1664.038691050069,-0.05030894993092261,39.44923,39.43060448985776,-0.01862551014224323,2660.63,2660.678378519863,0.04837851986303576,87.73529,87.73698395475157,0.0016939547515590903,9888.822,9888.898173877777,0.0761738777764549
26,,1809.266,-68.1127,-68.17131424616734,-0.05861424616733757,1669.272,1669.2188256081238,-0.053174391876154914,33.93262,33.90970769498169,-0.022912305018309098,2792.13,2792.175453719155,0.04545371915492069,92.07154,92.07315508689535,0.0016150868953559439,9888.822,9888.897951387115,0.07595138711440086
27,,1889.417,-67.0643,-67.13331214943013,-0.06901214943012235,1674.394,1674.3407091264678,-0.053290873532205296,28.51273,28.484263620533124,-0.028466379466877356,2923.76,2923.803963998165,0.043963998164599616,96.41222,96.41366034584436,0.0014403458443581485,9888.822,9888.897729964885,0.0757299648848857
28,,1969.095,-65.631,-65.70684079826802,-0.07584079826801826,1679.424,1679.3693556844987,-0.05464431550126392,23.2237,23.190056679138372,-0.03364332086162847,3055.41,3055.4603405938888,0.05034059388890455,100.7536,100.75508450825878,0.0014845082587697789,9888.822,9888.897509770371,0.07550977037135453
29,,2048.225,-63.823,-63.91011769828928,-0.08711769828927629,1684.326,1684.2720185032597,-0.05398149674033448,18.09933,18.058519801234954,-0.04081019876504399,3186.94,3186.979515382513,0.03951538251294551,105.0907,105.09198438361722,0.0012843836172180545,9888.822,9888.897291008305,0.0752910083047027
30,,2126.722,-61.6549,-61.749746008022385,-0.09484600802238674,1689.066,1689.0126971051543,-0.05330289484572859,13.17205,13.125019551860982,-0.04703044813901869,3318.16,3318.204363395493,0.044363395493292046,109.4178,109.41917871027024,0.0013787102702451648,9888.822,9888.89707390875,0.07507390875070996
31,,2204.503,-59.1452,-59.25191190894298,-0.10671190894297666,1693.613,1693.5623759671212,-0.05062403287888628,8.471783,8.415809089241627,-0.055973910758373435,3448.9,3448.942469747471,0.04246974747093191,113.729,113.73032252678037,0.001322526780370481,9888.822,9888.896858701006,0.07485870100572356
32,end_of_passive_arc,2245.256,-57.6895,-55.54492290741816,2.144577092581841,1695.926,1687.0140895614727,-8.91191043852723,6.090757,6.051511069353271,-0.039245930646728766,3517.68,3517.6477498461395,-0.03225015386033192,115.9971,115.99590791518683,-0.0011920848131694584,9888.822,9860.168023219816,-28.653976780184166
33,start_of_second_powered_arc_duplicate,2245.256,-57.6895,-55.54492290741816,2.144577092581841,1695.926,1687.0140895614727,-8.91191043852723,6.090757,6.051511069353271,-0.039245930646728766,3517.68,3517.6477498461395,-0.03225015386033192,115.9971,115.99590791518683,-0.0011920848131694584,9888.822,9860.168023219816,-28.653976780184166
34,,2250.67,-54.0381,-53.021984959288645,1.0161150407113553,1683.238,1678.1896784545534,-5.048321545446697,5.788391,5.760012103228346,-0.028378896771654283,3526.8,3526.720049911219,-0.07995008878106091,116.2977,116.29507080975863,-0.002629190241378865,9846.529,9830.575674780945,-15.953325219055841
35,,2280.1,-36.2483,-36.56717032287008,-0.3188703228700831,1612.928,1612.8063232006914,-0.121676799308716,4.468272,4.4381510393057875,-0.03012096069421233,3575.17,3575.051413304795,-0.11858669520506737,117.8926,117.88881776121556,-0.0037822387844386185,9616.604,9616.687360640532,0.08336064053219161
36,,2309.244,-21.9561,-22.123253351783084,-0.1671533517830852,1541.142,1541.1057726356325,-0.03622736436750529,3.627958,3.5788494028326787,-0.0491085971673213,3621.03,3620.9722162034404,-0.05778379655976096,119.4049,119.4030754706908,-0.0018245293092036263,9388.917,9389.003477027367,0.08647702736743668
37,,2336.935,-11.2875,-11.516292764771382,-0.22879276477138255,1470.995,1470.8984036723386,-0.0965963276612456,3.174048,3.1317909626883034,-0.04225703731169661,3662.65,3662.519638743073,-0.13036125692724454,120.7775,120.77311913104062,-0.004380868959387385,9172.587,9172.66950221797,0.08250221797061386
38,,2363.402,-3.58312,-3.6613011341691597,-0.07818113416915962,1402.211,1402.2031179398762,-0.007882060123847623,2.982448,2.927237917396479,-0.055210082603521116,3700.61,3700.557713396342,-0.05228660365810356,122.0293,122.02744057495,-0.0018594250500001408,8965.812,8965.897447303028,0.08544730302855896
39,,2388.95,1.702024,1.5707650434715412,-0.13125895652845876,1334.22,1334.1517617549289,-0.06823824507114296,2.962743,2.911647873558238,-0.05109512644176206,3735.51,3735.375277952875,-0.13472204712525127,123.1801,123.17556434951139,-0.004535650488605825,8766.216,8766.30471512606,0.08871512605946918
40,,2413.81,4.977176,4.966511043471781,-0.010664956528218639,1266.56,1266.571821926215,0.011821926215134226,3.04941,2.993231177590084,-0.056178822409915785,3767.79,3767.728495728299,-0.06150427170086914,124.2444,124.24242525677597,-0.001974743224025133,8571.995,8572.086793613458,0.091793613457412
41,,2438.155,6.564356,6.52987260484394,-0.03448339515605969,1198.863,1198.825697017094,-0.03730298290611245,3.192977,3.1378902231877697,-0.05508677681223029,3797.75,3797.622374095986,-0.12762590401416674,125.2323,125.22818841697803,-0.0041115830219666805,8381.8,8381.8921588409,0.0921588409000833
42,,2462.095,6.732155,6.733609644948638,0.0014546449486383395,1130.89,1130.8596710384131,-0.0303289615869744,3.354713,3.300001435238066,-0.05471156476193384,3825.58,3825.4627348439776,-0.11726515602231302,126.1503,126.1462359735564,-0.00406402644360071,8194.772,8194.861489889654,0.0894898896531231
43,,2485.701,5.721613,5.804705117152968,0.08309211715296883,1062.481,1062.520761620116,0.039761620115996266,3.503819,3.4515760586331083,-0.05224294136689167,3851.42,3851.3812365625595,-0.03876343744059341,127.0023,127.00090942367082,-0.001390576329185933,8010.353,8010.440122132524,0.08712213252420042
44,,2509.019,3.760375,3.8221091189955576,0.06173411899555781,993.5246,993.4942713886076,-0.030328611392405946,3.616048,3.5635167337850877,-0.05253126621491244,3875.35,3875.218477459745,-0.13152254025499133,127.7913,127.78695242646523,-0.004347573534772664,7828.175,7828.268688571618,0.09368857161825872
45,,2532.077,1.071267,1.1623207620452867,0.0910537620452867,923.9595,923.9394954458371,-0.020004554162937893,3.672994,3.623396714740243,-0.04959728525975704,3897.41,3897.291265831701,-0.11873416829894268,128.5188,128.51481186820064,-0.003988131799360417,7648.033,7648.128459361795,0.09545936179438286
46,,2554.887,-2.12266,-1.9866075652640975,0.13605243473590267,853.7587,853.8226968837253,0.0639968837252809,3.661815,3.6199617468338356,-0.04185325316616417,3917.65,3917.6246664046053,-0.025333595394840813,129.186,129.1853142687211,-0.0006857312789065872,7469.836,7469.925691504333,0.08969150433313189
47,,2577.448,-5.59586,-5.4560309936723685,0.1398290063276315,782.9228,782.9040243068569,-0.018775693143197714,3.575129,3.5325126538327316,-0.04261634616726839,3936.07,3935.958300488017,-0.11169951198326089,129.7937,129.7898735316499,-0.0038264683500983665,7293.576,7293.668198321004,0.09219832100370695
48,,2599.756,-9.11966,-8.962234522038317,0.1574254779616826,711.4736,711.4318118866966,-0.04178811330348253,3.410951,3.371468503492642,-0.03948249650735791,3952.71,3952.574770890941,-0.1352291090588551,130.3423,130.33780860298197,-0.00449139701802892,7119.298,7119.387239727764,0.08923972776392475
49,,2621.791,-12.4617,-12.298544832784772,0.16315516721522805,639.4763,639.4755159976535,-0.0007840023465632839,3.172708,3.1399865353300305,-0.03272146466996961,3967.57,3967.4819721031763,-0.08802789682385992,130.8323,130.829379806825,-0.002920193175015129,6947.148,6947.239068949405,0.09106894940487109
50,,2643.529,-15.3887,-15.232883797545204,0.15581620245479577,567.0205,567.0616127236559,0.04111272365594232,2.869107,2.8430286741990027,-0.026078325800997337,3980.66,3980.623849611281,-0.0361503887188519,131.264,131.26273872211988,-0.0012612778801326385,6777.316,6777.411187905363,0.09518790536276356
51,,2664.944,-17.6699,-17.473866622646476,0.19603337735352255,494.2156,494.17885754836817,-0.03674245163182377,2.513849,2.4902881015361795,-0.02356089846382048,3992.01,3991.896021957631,-0.11397804236912634,131.6382,131.63444332658133,-0.003756673418678247,6610.015,6610.1067228368875,0.09172283688712923
52,,2686.006,-19.0804,-18.86116705428528,0.2192329457147224,421.1862,421.1178056435653,-0.0683943564346805,2.12516,2.1065445209338556,-0.01861547906614458,4001.64,4001.500498458825,-0.13950154117492275,131.9558,131.95115496203567,-0.004645037964337462,6445.47,6445.560052658211,0.0900526582108796
53,,2706.687,-19.4053,-19.19182152961011,0.21347847038989087,348.0655,348.00341311960455,-0.06208688039544086,1.725156,1.7122176996130192,-0.012938300386980739,4009.59,4009.463133891857,-0.12686610814307642,132.2179,132.21372620058352,-0.004173799416463453,6283.898,6283.989928874747,0.09192887474728195
54,,2726.963,-18.4432,-18.27029950262343,0.17290049737657043,274.9888,274.95783377830026,-0.030966221699770813,1.339077,1.3308650105134647,-0.008211989486535343,4015.9,4015.8193478325757,-0.08065216742443226,132.4261,132.42332501757397,-0.0027749824260183686,6125.492,6125.583852842121,0.09185284212071565
55,,2746.813,-16.0082,-15.910821445703718,0.09737855429628084,202.0897,202.1039734395719,0.014273439571894642,0.994479,0.9887027352335593,-0.005776264766440664,4020.64,4020.6131086113514,-0.026891388648436987,132.5822,132.58140128711705,-0.0007987128829540779,5970.414,5970.505888280691,0.0918882806909096
56,,2766.221,-11.9323,-11.829709230780585,0.10259076921941457,129.4926,129.48319438699488,-0.009405613005128544,0.720404,0.7193872793203426,-0.0010167206796574124,4023.85,4023.816264475792,-0.03373552420771375,132.6883,132.68702669338631,-0.0012733066136831894,5818.784,5818.881035848159,0.09703584815906652
57,,2785.179,-6.06502,-5.920699136309592,0.14432086369040764,57.30953,57.25219172657853,-0.0573382734214718,0.546647,0.5528092604064818,0.006162260406481823,4025.63,4025.550646644433,-0.07935335556703649,132.7467,132.74421867184188,-0.0024813281581259616,5670.675,5670.771797031746,0.09679703174606402
58,,2800.0,-1.95e-07,-1.7205980203584644e-30,1.95e-07,-1.82e-09,0.0,1.82e-09,0.5,0.4999999999998917,-1.0830225605218402e-13,4026.05,4026.05348569051,0.0034856905099331925,132.7608,132.7608,0.0,5554.888,5554.982836452893,0.09483645289310516
